Engine_ID,Actual_RUL,Predicted_RUL,Absolute_Error
1,112,120.46654,8.466537475585938
2,98,119.659424,21.659423828125
3,69,39.35726,29.642738342285156
4,82,79.06729,2.932708740234375
5,91,114.205215,23.205215454101562
6,93,109.47789,16.477890014648438
7,91,94.62739,3.6273880004882812
8,95,108.091354,13.091354370117188
9,111,121.09796,10.09796142578125
10,96,101.62393,5.623931884765625
11,97,76.33183,20.668167114257812
12,124,81.06317,42.93682861328125
13,95,73.932144,21.067855834960938
14,107,109.8796,2.8796005249023438
15,83,93.594955,10.594955444335938
16,84,84.05531,0.0553131103515625
17,50,44.860695,5.139305114746094
18,28,29.089296,1.0892963409423828
19,87,98.585495,11.585494995117188
20,16,17.323357,1.3233566284179688
21,57,69.67171,12.671707153320312
22,111,120.583115,9.583114624023438
23,113,120.005264,7.0052642822265625
24,20,18.318747,1.681253433227539
25,145,117.52454,27.47545623779297
26,119,107.65739,11.342613220214844
27,66,104.92628,38.92627716064453
28,97,107.78836,10.788360595703125
29,90,91.51899,1.5189895629882812
30,115,96.64159,18.358413696289062
31,8,13.685646,5.685646057128906
32,48,47.586777,0.4132232666015625
33,106,116.94062,10.940620422363281
34,7,6.855136,0.14486408233642578
35,11,11.361612,0.36161231994628906
36,19,28.781614,9.781614303588867
37,21,27.718477,6.718477249145508
38,50,57.45462,7.454620361328125
39,142,116.654144,25.345855712890625
40,28,37.381863,9.38186264038086
41,18,24.30433,6.304330825805664
42,10,8.146153,1.853846549987793
43,59,55.01652,3.983478546142578
44,109,117.473755,8.4737548828125
45,114,73.834854,40.16514587402344
46,47,40.681633,6.318367004394531
47,135,110.88429,24.115707397460938
48,92,116.14751,24.147506713867188
49,21,21.257761,0.25776100158691406
50,79,71.9659,7.0341033935546875
51,114,102.10005,11.899948120117188
52,29,30.087267,1.0872669219970703
53,26,30.036833,4.036832809448242
54,97,115.39414,18.394142150878906
55,137,120.81582,16.184181213378906
56,15,19.15818,4.158180236816406
57,103,96.47934,6.520660400390625
58,37,35.60814,1.3918609619140625
59,114,97.610245,16.389755249023438
60,100,100.87375,0.873748779296875
61,21,19.354906,1.6450939178466797
62,54,43.280228,10.719772338867188
63,72,73.54095,1.5409469604492188
64,28,21.171534,6.828466415405273
65,128,119.81735,8.182647705078125
66,14,19.049934,5.049934387207031
67,77,119.9075,42.907501220703125
68,8,11.979258,3.979257583618164
69,121,120.75061,0.2493896484375
70,94,93.55318,0.4468231201171875
71,118,94.16862,23.831382751464844
72,50,66.168945,16.1689453125
73,131,88.1317,42.86830139160156
74,126,113.13444,12.865562438964844
75,113,94.804276,18.195724487304688
76,10,12.5366745,2.5366744995117188
77,34,26.737127,7.262872695922852
78,107,121.14301,14.143013000488281
79,63,96.79675,33.7967529296875
80,90,105.64405,15.644050598144531
81,8,10.0234785,2.0234785079956055
82,9,8.935574,0.06442642211914062
83,137,121.5978,15.402198791503906
84,58,55.12387,2.876129150390625
85,118,121.73126,3.73126220703125
86,89,102.10096,13.100959777832031
87,116,106.71388,9.286117553710938
88,115,114.88989,0.110107421875
89,136,116.363594,19.63640594482422
90,28,29.5641,1.5641002655029297
91,38,30.072815,7.92718505859375
92,20,28.283052,8.283052444458008
93,85,49.548615,35.451385498046875
94,55,55.338173,0.33817291259765625
95,128,112.408066,15.591934204101562
96,137,113.12374,23.876258850097656
97,82,81.40133,0.5986709594726562
98,59,79.22743,20.227432250976562
99,117,119.71205,2.7120513916015625
100,20,17.033598,2.966402053833008
